"Day","Nuclear","Hydro Run-of-River","Biomass","Fossil brown coal / lignite","Fossil hard coal","Fossil oil","Fossil gas","Geothermal","Hydro water reservoir","Others","Other renewables","Waste renewable","Waste non-renewable","Wind offshore","Wind onshore","Solar"
"01.01.2022",80.3,45.4,107.4,119,59.9,1.7,65.9,0.5,1.1,1.9,3,13.1,14.2,133.3,381.3,36.9
"02.01.2022",80.1,43.9,106.8,86.3,48.5,1.7,63.4,0.5,1.7,1.9,3,13.1,14.2,147.5,633.8,27.5
"03.01.2022",88.9,43.6,107.2,213.6,76.5,1.7,93.2,0.5,1.9,2,3.1,12,13,136,728.2,24.2
"04.01.2022",97.7,43.9,108.7,318.8,201.4,1.6,155.4,0.5,2.4,2.6,4,11.4,12.4,117.8,347.9,11.3
"05.01.2022",98.2,44.5,106.9,295.4,142.2,1.5,99.5,0.6,1.5,2.2,3.6,11.6,12.5,135.8,711.4,28.3
"06.01.2022",97.3,43.8,110.6,298,225.2,1.5,160.6,0.5,1.5,2.4,4.3,12.7,13.7,93.1,281.9,53.8
"07.01.2022",98,43,112.5,330.7,210.2,1.6,126.8,0.5,2,2.4,4.2,12.2,13.3,135.9,498.3,19.7
"08.01.2022",98,41.8,111.5,297.1,192.1,1.8,105,0.6,1.3,2.2,4.1,12,13,128.4,466.6,23.8
"09.01.2022",69.1,41.8,111.3,285.1,176.3,1.8,114.3,0.6,2.1,2.1,4,11.9,12.8,101.8,417.7,22.3
"10.01.2022",67.3,41.9,112.3,355.3,252.9,1.9,261.5,0.6,3.8,2.4,4.2,10.1,10.9,23.9,52.2,28.9
"11.01.2022",96.9,43.6,112.1,365.6,247.4,1.8,268.9,0.6,2.9,2.5,4.3,6.1,6.6,76.5,97.1,40.9
"12.01.2022",95.9,42.3,112.7,363.2,247.2,1.8,268,0.6,2.3,2.5,4.4,5.9,6.4,61,146.4,40
"13.01.2022",98.5,40.6,112.5,335.9,226.4,1.8,215,0.6,2.6,2.5,4.4,6.1,6.7,127.3,421,40.1
"14.01.2022",97.6,39.9,114.5,332.8,241.8,1.9,235.9,0.6,1.9,2.5,4.2,9.5,10.3,82.7,345.9,51
"15.01.2022",96,40.1,115,323.8,261.4,1.9,224.3,0.6,1.4,2.5,4.4,11.9,12.9,29.4,66.9,32.2
"16.01.2022",98.3,38.1,112.5,274.5,192.5,1.9,113.8,0.6,2.5,2.3,4.3,11.1,12,115.4,424.2,26.4
"17.01.2022",96.8,36.3,112.3,282.4,210.6,1.8,153,0.6,3.3,2.4,4.2,10.8,11.7,110.4,616.7,23.1
"18.01.2022",94.6,39,114.6,350.1,289.2,2.1,260.5,0.6,2.7,2.5,4.4,11.1,12,69.9,159.4,33.1
"19.01.2022",98.2,37.9,113.7,312.8,229.1,1.8,177.4,0.6,1.7,2.4,4.2,10.6,11.5,150.8,504.3,53
"20.01.2022",98.2,36.1,112.2,278.2,181.5,2.5,142.2,0.6,2.3,2.3,4.1,8.9,9.6,141.5,680.6,41.8
"21.01.2022",98.3,35.7,113.8,301.4,212.7,2.7,187.4,0.5,1.8,2.5,4.3,11.1,12,145.9,485,47.5
"22.01.2022",96.7,35.7,113.6,319.1,185.6,1.7,212.7,0.5,1.6,2.5,4.3,11.7,12.7,67.3,281.5,22
"23.01.2022",95.4,34.9,112.6,336.5,238.9,1.8,215.7,0.5,0.8,2.5,4.3,11.7,12.7,36.3,113.6,26.6
"24.01.2022",97.6,35.9,114.4,338.7,266.9,1.9,272.7,0.6,2.7,2.5,4.3,12.1,13.1,54.5,77.7,40.2
"25.01.2022",98.7,40,114.8,335.8,272.3,2.1,300.9,0.6,4.7,2.5,4.4,12.1,13.1,44.7,96.6,29.2
"26.01.2022",98.6,39.3,114.3,308.7,256.2,2.2,243.8,0.6,3.4,2.5,4.3,9.4,10.2,127.1,361.3,23.2
"27.01.2022",98.2,36.5,110.3,245.4,194.6,1.8,134.1,0.5,2.7,2.1,4.1,9.1,9.8,119.4,741,36.9
"28.01.2022",97.9,30,114.8,268.4,177.8,2.2,162.5,0.5,1.3,2.3,4.1,11,11.9,111.3,550.6,56.5
"29.01.2022",95.2,27.6,111.8,148.2,93.2,1.7,100.6,0.5,2.2,1.7,3.3,11.1,12,108.7,855.2,21.1
"30.01.2022",88.9,26.3,112.1,178.2,99.6,1.7,95,0.5,1.9,1.8,3.5,11.1,12,112.4,681.6,58.9
"31.01.2022",98.2,28.7,114.6,301.6,177,1.7,178.9,0.5,3.8,2.3,4.2,11.6,12.5,89,415.2,23.9
"01.02.2022",97.3,31.8,111.8,249.5,144.3,1.7,150.6,0.4,1.3,2,3.7,11.9,12.9,111.4,765.6,19.9
"02.02.2022",97.1,31.9,112.8,257.4,160.8,2.3,164.2,0.4,2,2.1,3.6,11.6,12.6,88.9,663.7,53.8
"03.02.2022",96.6,33.1,113.4,308,213.4,2.7,220.4,0.4,1.5,2.5,4.2,11.7,12.7,111.8,346.5,31.7
"04.02.2022",97.8,31.5,112.9,252.8,129.2,2.5,143,0.4,0.8,2.3,3.9,11.5,12.4,119.5,669.2,36.7
"05.02.2022",95.6,30.9,112.3,125.4,84,1.7,94.7,0.5,0.9,1.7,3.1,11.1,12,121.6,807.2,86.1
"06.02.2022",88.7,29.9,111.8,108.7,69.9,1.7,77,0.5,1.2,1.6,2.9,10.8,11.7,101.1,873.7,27.8
"07.02.2022",97,33.2,111.9,200.2,132.1,2.7,121.7,0.5,1.7,2,3.7,11,11.9,109.6,758.5,63.5
"08.02.2022",97.8,32.5,112.4,257.6,172.1,1.7,131.8,0.6,0.9,2.2,3.8,11.4,12.4,122.2,707.1,39.2
"09.02.2022",97.7,31.3,113,283.4,207.4,2.3,159.5,0.6,2.2,2.3,3.9,12.1,13.1,108,490,73.4
"10.02.2022",97.8,33.2,114.1,285.2,246.9,1.7,210,0.6,2.1,2.4,4.1,12.3,13.4,103.7,305.9,72.9
"11.02.2022",97.6,33.9,114.5,321.7,211.8,1.7,176.5,0.6,1.8,2.5,4.1,12.4,13.4,83.3,385.8,66.9
"12.02.2022",97.7,32.4,113.4,285.3,170.7,1.7,128.8,0.7,1.5,2.1,3.8,12.3,13.3,125.9,336.1,153.5
"13.02.2022",96.7,30.2,111.9,163.3,102.3,1.7,99.4,0.7,1.8,1.7,3.1,12.3,13.3,124.3,603.4,155.5
"14.02.2022",97,30.1,112.8,223.5,167.5,2.3,135.6,0.6,1.5,2.1,3.5,12.9,14,130.3,653,99.5
"15.02.2022",97.9,31.4,113.7,263.4,215.1,1.9,148.4,0.6,3.2,2.3,3.9,13.1,14.2,114,551.6,62.8
"16.02.2022",97.1,31.4,111.3,186.4,145.9,2,121.6,0.6,1.7,1.8,3.2,12.3,13.3,109.7,889.1,34.9
"17.02.2022",96.1,34.2,109.6,118.5,120.2,1.7,102.6,0.5,1.6,1.8,3.2,12.2,13.2,95.6,924.4,84.5
"18.02.2022",97,38.2,111.6,174.9,125.3,1.3,119.2,0.5,2.3,2,3.6,11.2,12.1,97.2,742.4,38.8
"19.02.2022",91.8,37.5,110.4,113.1,84.3,1.6,95.8,0.6,2,1.7,3.1,12.2,13.2,105,776.4,121.1
"20.02.2022",95.7,35.8,110.7,116.7,73,1.7,79.2,0.6,0.9,1.6,3,12.4,13.4,106.5,826.1,47.9
"21.02.2022",95.3,35.3,110.4,156.2,111.7,2.4,98.7,0.5,2,1.9,3.5,12.9,14,117.3,892.7,75.1
"22.02.2022",97.9,35.5,112.1,249.6,151.5,2.4,123.4,0.5,1.4,2.1,3.6,12.2,13.3,114.1,739.3,79.1
"23.02.2022",95.7,35.4,112,265.8,181.8,2.5,142,0.5,1.8,2,3.7,10,10.9,121.3,527.7,166
"24.02.2022",97.8,34.6,111.8,284.9,163.7,1.8,121,0.5,1.2,1.9,3.6,12.9,14,108.2,687,98.5
"25.02.2022",96.5,31.4,112.1,282.4,161.2,2.4,109.6,0.6,2.6,1.9,3.5,12.8,13.8,123,692.9,103
"26.02.2022",96.4,30.6,114,339.1,230.9,1.7,128.2,0.6,1.8,2.2,3.9,12.9,13.9,22.7,160.7,120.3
"27.02.2022",93.6,29.5,112.4,324.9,168.7,1.7,86,0.6,1.8,1.8,3.2,12.9,14,86.8,269.1,185.6
"28.02.2022",96.2,29.2,112.7,337.5,222.2,2.5,144,0.6,2.5,2.2,3.6,12.6,13.7,101.2,255.1,193.9
"01.03.2022",96.8,30.6,113.8,339.1,235.9,2.6,207.4,0.6,4.2,2.2,4,11.9,12.9,24.4,163.3,192.3
"02.03.2022",97.1,31.6,114,347.9,247.4,2.4,232,0.6,4.9,2.4,4.2,12.6,13.6,22.2,48.2,148.5
"03.03.2022",97.4,34,113.9,319.4,258.2,2.2,195,0.6,4.3,2.4,4.1,13.5,14.6,43.2,106.3,194.9
"04.03.2022",98.6,32.8,114.5,321.3,252.8,1.7,187.5,0.6,2.7,2.4,4.1,13.9,15,59.4,130.4,165.2
"05.03.2022",98.6,29.5,114.2,314,247.3,1.7,133,0.6,1.3,2.5,4.2,14,15.2,38.4,126.6,172.6
"06.03.2022",98,28.4,113.6,327.7,243.6,1.7,119.6,0.6,1.9,2.5,4.3,13.8,15,21.5,100.9,122.6
"07.03.2022",97.7,28.6,114.6,318,247.7,2,203.8,0.5,3.3,2.5,4.3,12.8,13.9,5.4,139,199.3
"08.03.2022",98.4,29.6,113.6,299.1,245,2.2,162.5,0.6,2.7,2.5,4.1,12.9,13.9,52.1,193,233.4
"09.03.2022",97.5,29.3,114.1,310.3,255.8,2.2,151.1,0.5,2.5,2.4,4,12.9,13.9,51.8,137,232.1
"10.03.2022",95.2,27.8,112.6,295.5,223.4,1.8,120.1,0.5,1.9,2.2,3.6,13,14.1,73.4,381.3,230.1
"11.03.2022",93.2,28.5,109.9,245.3,142,2.3,90.5,0.6,1.5,1.7,3,13.4,14.5,96.4,642.5,234.5
"12.03.2022",96.1,28.2,112,251.7,128.4,1.7,82.7,0.6,1.1,1.8,3.3,13.9,15,101.3,399.6,216.2
"13.03.2022",95.7,28,111.3,263.4,109.8,1.7,79.8,0.6,1.2,1.8,3.1,13.9,15,92.6,352.2,227.9
"14.03.2022",95.9,28.2,112.5,328.1,225,2,197.3,0.5,1.3,2.3,3.9,14,15.1,39.7,221.8,141.7
"15.03.2022",97.6,30.6,113.6,332.7,246.4,1.7,245.7,0.5,2.8,2.3,3.8,13.4,14.5,11.4,72.5,73.1
"16.03.2022",97.6,33.2,113,327,227.2,1.7,171.5,0.5,4.2,2.3,4,12.9,14,63.6,257.1,154.1
"17.03.2022",96.5,33.1,113.4,311.3,205,2.1,183.7,0.5,3.9,2.3,3.8,12.3,13.3,93.6,327.8,63.7
"18.03.2022",96.4,32.4,114.2,289.4,209.5,2.7,165.1,0.6,1.6,2.3,3.6,12.3,13.3,27.5,240.9,191.5
"19.03.2022",94.2,31.2,112.7,232.8,104.3,1.7,86.3,0.6,2.1,1.6,3,12.3,13.3,66.1,489.7,217.1
"20.03.2022",92.5,29.2,111.1,182.5,88.9,1.7,82.4,0.6,1.5,1.8,3,12.2,13.2,92.2,543.3,218.2
"21.03.2022",95.4,28.4,113.2,302.7,215.7,1.9,159.4,0.6,5.3,2.3,3.8,12.2,13.3,38,222.7,233.2
"22.03.2022",96.7,30.6,113.1,313.7,238.8,1.8,200.1,0.5,5,2.3,3.6,12.3,13.3,7,79.4,250.4
"23.03.2022",96.3,31.5,113.3,319.1,260.7,2.2,205.2,0.5,4.7,2.1,3.4,12.3,13.4,2.3,54.2,249.7
"24.03.2022",96.4,31.9,112.9,305.2,262.6,2,207.3,0.5,4.6,2.2,3.5,12.5,13.5,3.7,39.7,247.1
"25.03.2022",95.9,32.6,112.6,297.7,247.2,2.4,154.3,0.6,5.1,2.1,3.3,12.3,13.3,19.6,101.9,245
"26.03.2022",95,32.8,111.6,310.5,154.5,1.7,107.2,0.6,3.3,1.9,3.1,11.9,12.9,46.1,210,227.8
"27.03.2022",93.8,32.1,111,331.5,149.3,1.7,116,0.6,2.5,1.8,3.3,12,13,23.3,70,236.5
"28.03.2022",95.6,32.1,111.6,326.1,221.8,1.7,166.1,0.6,3.1,2,3.3,12.5,13.5,42.9,137,229.4
"29.03.2022",94,31.9,111.7,334.1,227.2,2.9,207.4,0.6,4.1,2,3.4,13,14.1,23.1,133.1,164.1
"30.03.2022",94.4,34.9,112,355.3,235.5,1.7,230.1,0.6,5.4,2,3.6,13.3,14.5,31.5,86.5,100.5
"31.03.2022",95.7,35.5,108.3,319,199.3,2.6,160.6,0.6,3.8,2,3.8,12.7,13.7,95.5,431.9,74.4
"01.04.2022",96.4,35.7,108.1,310.2,144.4,3.1,128.5,0.6,1.2,1.8,3.4,12.8,13.8,101,565.3,63.4
"02.04.2022",94.8,34.7,108.1,286.4,167.1,1.8,126,0.6,1.9,2,3.3,12.7,13.8,51.8,358.5,88
"03.04.2022",95.1,33.1,107,268.6,173.8,2.1,98.2,0.5,2.2,1.8,3,13,14.1,79,241.6,142.1
"04.04.2022",95.1,31,108.3,205.2,106.2,1.7,100.5,0.5,1.9,1.6,2.8,12.9,14,99.7,815.1,149.1
"05.04.2022",97.8,31.2,112.4,312.2,171,2.8,109.6,0.6,3.3,1.9,3.2,12.1,13.1,58.6,508.5,82.6
"06.04.2022",96.6,35,110.8,262.8,110.7,1.7,80.3,0.5,2.6,1.7,2.9,8.8,9.5,113.3,740.6,127.7
"07.04.2022",96.1,37.2,109.9,184.9,87.3,2.3,101.3,0.5,1.5,1.5,2.6,8.6,9.3,103.6,905.6,119.3
"08.04.2022",95.6,43.6,111.7,272.8,121.1,2.5,118.5,0.6,3.2,1.7,3,8.2,8.8,97.6,511,114.1
"09.04.2022",97.2,44.3,108.8,187.9,83.7,1.7,90,0.6,1.8,1.5,2.7,9.6,10.4,116.7,558.2,180.3
"10.04.2022",95.8,40,109,204.5,96.9,1.7,87.8,0.6,2.6,1.6,2.8,12.6,13.6,98.1,371.7,194
"11.04.2022",96.6,39.1,110.5,334.5,167.6,1.7,130.2,0.6,2.4,2,3.3,13.1,14.2,31.5,140.8,285.8
"12.04.2022",96.3,37.8,109.1,308.3,137,1.7,109.9,0.5,3.6,1.9,3.1,12.8,13.9,108.2,337.5,269
"13.04.2022",94.4,38.2,109,289.2,167.8,2.5,152.5,0.5,4.5,1.8,3.1,13.4,14.5,49.4,134.1,241.2
"14.04.2022",95.6,40.4,109.4,304.4,156.1,1.7,141.4,0.5,1.6,1.9,3.1,13.6,14.8,52.4,129.6,199.4
"15.04.2022",95.5,42.9,110.2,287.2,109.2,1.7,92.9,0.6,3.1,1.8,3.2,13.7,14.8,31.3,179.1,161.5
"16.04.2022",95.1,40.9,110.1,270.9,75.7,1.7,81.3,0.6,1.3,1.6,3,13.3,14.4,45.8,211.5,265.2
"17.04.2022",94.9,36.6,109.8,247.8,56.9,1.7,73.6,0.6,1.6,1.4,2.6,13.3,14.4,45.2,147.8,304.1
"18.04.2022",95,35.3,109.9,267,70.3,1.7,81.1,0.6,1.2,1.7,2.8,13.1,14.2,50,93,306.7
"19.04.2022",95.2,35.9,110.5,302.9,110.9,1.7,129.6,0.6,2.1,2,3.2,13.2,14.3,40.6,196.9,276.4
"20.04.2022",95.8,36.5,110.3,301.3,119.7,1.7,113.2,0.6,4.1,2.1,3.2,12.2,13.2,32.3,185.1,269.2
"21.04.2022",95.2,37.5,110,313.3,123.2,0.7,107.5,0.6,5.7,2,3.2,12.3,13.3,56,211.6,202.6
"22.04.2022",95.4,39.1,109.7,300.2,82.2,0,86.5,0.6,2.5,2,3.1,12.4,13.4,116.4,390.2,224
"23.04.2022",94.1,36.3,108.3,259.2,41.1,0,62,0.6,1.5,1.6,2.7,12.7,13.8,111.1,432.4,226.7
"24.04.2022",95.7,34,108.3,253.4,66,0,62.3,0.6,1.6,1.7,2.7,12.2,13.2,100.6,372.7,158.4
"25.04.2022",95.8,37.5,109.4,327.6,164.1,0,169.5,0.5,4,1.8,3.2,11.8,12.8,49.5,96.7,172.3
"26.04.2022",95.8,40.3,109.8,324.7,177.6,0,202.9,0.5,3.9,1.8,3.1,11.1,12,11.5,82.8,175
"27.04.2022",95.7,38.4,109.4,323.7,182,0,184.8,0.5,4.5,1.7,3,11.4,12.4,4.9,67.3,238
"28.04.2022",95.5,37.6,109.3,325.8,175.7,0,133.3,0.5,4.7,1.5,2.9,11.5,12.4,25,82.6,301
"29.04.2022",95.1,39.2,110.5,324.5,175.3,0,139,0.5,3.2,1.5,2.8,11.5,12.5,22.8,83.6,259.6
"30.04.2022",94.8,37,109.6,315.9,122.9,0,90.5,0.5,1.8,1.4,2.7,11.5,12.4,6.7,96.9,190.9
"01.05.2022",94.9,37.5,108.8,316.6,113.8,0,85,0.5,1.7,1.4,2.7,10.8,11.7,0.4,50.8,196.2
"02.05.2022",94.3,35.6,110.1,309.6,166.2,0,131.2,0.5,2.9,1.6,2.7,7.2,7.8,11.9,64.8,272.1
"03.05.2022",93.5,36.7,109.9,324.8,181.5,0,172.6,0.5,3.5,1.6,2.6,7.1,7.7,28.5,83.7,265.9
"04.05.2022",93.3,38.6,110.2,325.2,182.8,0,185.4,0.5,4.3,1.5,2.2,11.1,12,2.3,39.5,236.8
"05.05.2022",93.3,40.5,110.1,325.2,175.1,0,176.6,0.5,3.3,1.5,2.2,11.3,12.2,6.6,45.5,226.5
"06.05.2022",83.1,45.1,110.1,321.1,153,0,160.4,0.6,4,1.5,2.2,11.4,12.4,18.2,41.1,225.2
"07.05.2022",63.1,45.3,108,287.1,98.9,0,81.1,0.6,3.8,1.4,2.2,11.3,12.3,33.2,88,231.2
"08.05.2022",62.6,43.1,107.4,278.9,71.7,0,79,0.5,4,1.4,2.2,11.2,12.2,22.3,119.2,255.4
"09.05.2022",61.9,42.7,108.2,298.7,135.1,0.6,159.7,0.5,5.1,1.4,2.2,11.9,12.9,16.4,99.5,313.7
"10.05.2022",63,44.3,106.7,308.1,107.3,0,121.2,0.5,5.5,1.3,2.2,11.4,12.3,88.9,233.3,265.9
"11.05.2022",62.4,45.7,105.9,274.3,60.7,0,124.8,0.4,3.8,1.1,2.2,8.4,9.1,82.5,367,287.7
"12.05.2022",60.9,45.4,106,268.5,66.7,0,118.7,0.4,2.8,1.2,2.4,11.3,12.2,65.3,328.6,277
"13.05.2022",62.7,49.4,106.8,246.5,65.9,0.5,127.1,0.5,4.1,1.1,2.2,12.5,13.5,91.7,334.4,231
"14.05.2022",60.7,49.2,107.6,236.4,61.9,0,96.1,0.5,3.3,1.2,2.2,12.3,13.3,41.7,207,303.9
"15.05.2022",62.5,48.9,106.9,244.2,50.1,0,78.2,0.5,2.9,1.2,2.2,13.3,14.4,25.2,100.2,331
"16.05.2022",62.2,51.4,106.7,295.3,89,0,159.1,0.5,5.9,1.2,2.2,13.4,14.5,62.6,217.8,226.6
"17.05.2022",62.1,55.7,106.9,315.5,123.6,0,208.6,0.5,5.3,1.2,2.2,13.6,14.8,28.2,98,243.2
"18.05.2022",61.9,53.9,106.2,301.9,108.2,0,163.3,0.5,4.7,1.3,2.2,13.7,14.9,35.1,172.2,312.4
"19.05.2022",60.5,53.9,105.8,250.6,107,0.4,172.4,0.4,5.7,1.3,2.2,13.5,14.7,33.1,199.4,282.2
"20.05.2022",61.1,56.5,105.7,242.1,110.4,0.1,149.5,0.4,5.4,1.3,2.2,10.6,11.5,23.8,248.3,261
"21.05.2022",61.5,56.9,104.9,190.1,43.3,0.1,76,0.5,3.6,1.3,2.2,10.2,11,70.7,432,253.7
"22.05.2022",61,57.5,105.2,270.2,68.5,0,100.2,0.5,4.9,1.1,2.2,10.5,11.3,21.3,66.5,299.5
"23.05.2022",61.4,58,104.5,263,78.9,0,144.3,0.5,5,1.1,2.2,10.3,11.2,84.6,371.7,236.4
"24.05.2022",61.6,57.9,105.5,271.4,85,0.1,154.9,0.5,6.2,1.1,2.2,11,11.9,73.2,297.6,180.5
"25.05.2022",71.3,58.6,107.4,265.3,61.1,0,117,0.5,4.6,1.3,2.2,11.2,12.1,84.6,264.9,256.9
"26.05.2022",80.2,57,105.7,150.2,31.6,0,68.6,0.5,2.5,1.4,2.2,10.4,11.2,110.9,465,215.1
"27.05.2022",80.4,53.9,105.4,134.3,55.9,0,73,0.5,2.3,1.4,2.2,12.5,13.5,105,569.2,227.8
"28.05.2022",79,51.2,106.1,165,44.2,0,61.1,0.6,3.6,1.3,2.2,13.9,15,109.1,446.1,249
"29.05.2022",81.3,48.2,108.2,278.3,42.1,0,86.7,0.6,5.2,1.3,2.2,13.7,14.8,99.4,135.2,207.3
"30.05.2022",89.6,50.4,109.2,302.2,98.5,0,213.7,0.6,6.1,1.4,2.2,13.8,15,2.3,47.6,249.2
"31.05.2022",92.1,48,108.3,332,108.4,0,213.6,0.5,6,1.4,2.2,13.5,14.6,3.8,50.6,262.7
"01.06.2022",90.4,52.3,108.6,355.7,101.2,0,197.6,0.5,5,1.4,2.1,13.6,14.7,15,133.6,264.9
"02.06.2022",91.1,50.5,108.6,341.2,77.5,0,173.7,0.5,5.6,1.4,2.1,12.2,13.2,60.6,129.5,308.7
"03.06.2022",89.9,49.9,108.6,315,77.7,0,166.2,0.5,4,1.4,2.1,12.1,13.1,19,117,305
"04.06.2022",71.4,51.2,107.5,292.2,53.8,0,81.4,0.4,5.3,1.4,2.1,11.8,12.8,19.7,119.6,275.1
"05.06.2022",63.6,49.8,105.4,283.5,54.4,0,70.8,0.4,3.6,1.4,2.1,11.4,12.3,63.7,263.9,216.2
"06.06.2022",56.7,51.3,104.3,240.2,52.7,0,74.1,0.4,2.6,1.4,2.1,8.2,8.9,117.1,309.7,249.7
"07.06.2022",65.2,54.5,105.6,329.6,88.6,0,140.2,0.5,5.1,1.4,2.1,9.7,10.5,92.1,247.1,213.4
"08.06.2022",64.9,56.5,106.1,330.2,88.8,0,193.8,0.5,6.6,1.4,2.1,9.9,10.8,11.4,100.7,246.6
"09.06.2022",65.3,54.8,101.6,333.8,89.9,0,152.8,0.5,5,1.4,2.1,9.8,10.6,31.7,173.2,206.2
"10.06.2022",65.2,56.4,101.8,335.3,92.3,0.1,114.7,0.5,6.4,1.3,2.1,9.6,10.4,61.4,96.1,299.3
"11.06.2022",61.1,55.5,100.7,279.3,56.3,0,66.9,0.5,5.5,1.3,2.1,9.4,10.2,64.4,111.2,302.8
"12.06.2022",57.5,52.3,100.1,239.8,85.2,0,80.7,0.4,5.2,1.4,2.1,9.9,10.8,52.2,133.7,330
"13.06.2022",62.3,50.9,101.2,300,96.3,0,124.1,0.5,5.9,1.4,2.1,9.5,10.3,66.4,254.6,285.4
"14.06.2022",65,52.7,101.4,299.7,129.4,0.2,186.1,0.4,5.4,1.4,2.2,9.4,10.2,30.2,92.3,331.7
"15.06.2022",63.9,52.4,100.1,304.5,141.7,0.2,182.3,0.4,5.4,1.4,2.1,9.2,9.9,2.7,65,353.9
"16.06.2022",64.8,52.9,100.1,317.2,102.9,0.1,89.2,0.4,5.4,1.4,2.1,9.6,10.4,8.7,131.5,320.6
"17.06.2022",64.3,51.8,103.3,297,115,0,79.4,0.4,4.4,1.4,2.1,9.6,10.4,73.2,85.9,329.5
"18.06.2022",61.3,48,101.6,253.2,77.4,0,58.8,0.4,3.7,1.4,2.1,9.4,10.1,35.5,201.1,338.7
"19.06.2022",63,44.7,100.9,251.8,76.2,0,69.8,0.3,3.7,1.4,2.1,9.3,10.1,20.9,224.6,297.2
"20.06.2022",64.5,48.7,102.6,286,135,0.1,175.3,0.3,6,1.4,2.1,8.8,9.6,44.1,201.1,194.9
"21.06.2022",65.2,49.8,104.7,321.2,160.6,0.5,170.9,0.4,5.3,1.4,2.1,9.3,10.1,22.9,97.4,331.7
"22.06.2022",64.1,51,103.4,322.9,174.6,0.4,223.1,0.4,5.8,1.4,2.1,9.8,10.6,4.8,51.8,264
"23.06.2022",62.8,52.7,102.5,310.5,164.2,0.1,202.8,0.3,4.7,1.4,2.1,8.9,9.6,38.7,130.8,340.1
"24.06.2022",65.4,53.6,103.6,287.4,149.7,0,169.3,0.4,4.8,1.4,2.1,9.1,9.9,53.3,214.2,220.2
"25.06.2022",92.8,54.6,103.2,297.5,128.6,0,82.7,0.4,3.1,1.5,2.1,8.5,9.2,18.9,63.3,284.7
"26.06.2022",92.2,47.1,101.6,288.8,95.1,0,100.3,0.4,4.4,1.4,2.1,8.1,8.8,15.2,82.1,289.4
"27.06.2022",94.5,48,102,319.4,156.1,0,216.4,0.4,6,1.4,2.1,8.4,9.1,15.6,135.6,229.9
"28.06.2022",95.5,52.3,102.1,329.9,153.9,0.1,203.5,0.4,5,1.4,2.1,8.1,8.8,15.9,89.5,283.9
"29.06.2022",95.2,53.1,102.4,334.4,151.1,0.3,214.8,0.4,5.7,1.4,2.1,8.3,9,49.4,139.8,219.3
"30.06.2022",94.9,51.5,102.4,327.3,159.4,0,200.9,0.4,5.5,1.4,2.1,8.7,9.5,43.1,127.9,298.9
"01.07.2022",96.1,56.2,110.7,328.2,167.3,0,146.9,0.4,5.4,1.4,2.2,8.6,9.3,71,194.1,143.2
"02.07.2022",92.4,50.8,110.5,256.9,111.9,0,73.5,0.4,2.9,1.4,2.2,8.3,9,58.3,114.1,357.2
"03.07.2022",90.6,44.4,110.8,280.8,90.9,0,69.7,0.4,3.8,1.4,2.2,8.1,8.8,25.4,144.7,340.9
"04.07.2022",95.5,47.1,110.7,310.2,141.7,0,109.8,0.4,4.6,1.4,2.2,8.5,9.3,77.5,132.9,305.1
"05.07.2022",95.2,54.1,111.1,301.7,180.7,0.5,113,0.4,4.9,1.3,2.2,8.7,9.5,73,147.3,308.1
"06.07.2022",95.5,50.2,111.5,301.8,166.3,0,82.1,0.4,4.7,1.3,2.2,8.9,9.7,92.2,192.3,279.7
"07.07.2022",96.1,49.4,111.2,297.2,123.8,0,78.9,0.4,3.5,1.4,2.2,8.7,9.5,91.6,420.3,136.1
"08.07.2022",96.3,50.7,111.4,285.3,142.6,0.4,74.7,0.4,6.2,1.4,2.2,10.2,11.1,62.2,244.7,251.3
"09.07.2022",94.2,44,111.1,234,90.7,0,64.7,0.4,2.7,1.4,2.2,12.7,13.7,92,289.7,225.9
"10.07.2022",89.5,40.5,111.3,217.5,89.6,0,58.5,0.4,2.5,1.4,2.2,12.2,13.2,68.9,297.1,230.3
"11.07.2022",96,40.2,111.9,295.3,153.5,0,183.9,0.4,4.3,1.4,2.2,12.1,13.1,21.4,83.2,235.8
"12.07.2022",95.6,43.6,111.2,293.3,147.5,0.3,180.9,0.4,4.7,1.4,2.2,11.1,12.1,40.8,61.9,333
"13.07.2022",95.2,43.5,110.2,299.3,169.5,0.4,157.6,0.4,3.9,1.4,2.2,10.7,11.6,44.1,221.1,265.7
"14.07.2022",95.3,42.1,111,300,138.8,0.1,125.9,0.4,3.1,1.4,2.2,11.4,12.4,71.1,210.5,286.8
"15.07.2022",95.8,40.9,112.2,282.4,136.7,0,113.1,0.4,3,1.4,2.2,11.9,12.9,76.4,195.4,277.7
"16.07.2022",89.5,39,112.3,225.8,66.6,0,56.3,0.4,2.1,1.3,2.2,12.7,13.8,71.2,301.4,306.1
"17.07.2022",92.1,36.2,112.1,265.5,62,0,87.3,0.4,2.6,1.3,2.2,13.3,14.4,27.2,68.9,350
"18.07.2022",95,40.5,110.7,311.3,117.5,0,190.9,0.4,3.5,1.3,2.2,8.7,9.4,44.9,42.2,321.8
"19.07.2022",94.7,43.5,109.2,303.7,132.3,0.1,206.9,0.4,3.5,1.4,2.2,11.8,12.8,39.6,126.9,344.8
"20.07.2022",94.3,43.4,108.1,299.5,131.6,0.7,149,0.4,5.4,1.4,2.2,13.2,14.3,85.6,231.4,319.5
"21.07.2022",95.1,47.3,108.3,297.8,138.6,0.2,244.1,0.4,4.1,1.4,2.2,13.7,14.8,49.7,179.4,207.9
"22.07.2022",95.1,45.4,109.4,307.9,129.6,0,238.3,0.4,2.1,1.4,2.2,11.6,12.6,52.1,90.5,269.9
"23.07.2022",95,49.4,110.2,290.9,122.5,0,149.5,0.4,3,1.3,2.2,12.3,13.3,30,100.3,244.8
"24.07.2022",93,44.6,110.1,265.1,89.1,0,110.8,0.4,2.5,1.3,2.2,13.1,14.2,76.7,88.7,332.7
"25.07.2022",94.3,44.5,108.6,288.6,126.2,0,93.7,0.4,1.7,1.3,2.2,12.8,13.8,73.8,325.1,283.4
"26.07.2022",95,50.1,108.7,296,133.3,0,175.2,0.4,3.3,1.3,2.2,13.1,14.2,96,248.3,228
"27.07.2022",95.5,46.5,109.4,307.1,130.4,0.1,193.1,0.4,2.2,1.3,2.2,13.1,14.2,77.9,170.2,245.4
"28.07.2022",94.7,42.5,109.3,328.8,121.5,0,178.3,0.4,4,1.4,2.4,10,10.9,10,117.9,314.6
"29.07.2022",95.3,47.4,110.1,332.4,131.6,0,160.6,0.4,4.5,1.3,2.2,7.3,7.9,34.1,136.5,230.9
"30.07.2022",95.2,51.2,109.9,294.1,130,0,79.5,0.4,2.7,1.3,2.2,8.1,8.7,10.1,72,243.6
"31.07.2022",93.8,43.3,109.7,294.8,118.3,0,71.5,0.4,1.9,1.3,2.2,7.7,8.3,31,99.1,245.1
"01.08.2022",95.3,40.1,108.9,306.9,172,0,138.4,0.5,3.6,1.3,2.1,7.5,8.1,28.3,127.5,227
"02.08.2022",95.1,44.5,108.5,322.9,165.4,0,101.9,0.5,2.8,1.3,2.1,6.5,7,82.5,56.7,313.7
"03.08.2022",93.9,43,107.9,319.9,151.9,0.1,133.4,0.5,4.3,1.3,2.1,6,6.5,59.2,75.2,328.6
"04.08.2022",91.6,42.3,107.6,317.2,164.9,0.9,139.1,0.5,4.3,1.3,2.1,6.5,7,21.5,125.4,299.6
"05.08.2022",93,43.1,109.2,323.3,167.9,0.2,97.1,0.5,3.5,1.3,2.1,6.2,6.7,28.8,194.9,218.9
"06.08.2022",94.4,43.7,111.3,305.6,135,0,54.8,0.5,1.5,1.2,2.1,6.5,7,38.6,127.2,273.7
"07.08.2022",93.6,37.8,114.8,277.2,119.8,0,55.8,0.5,2.5,1.3,2.1,6,6.5,16.6,79.7,316.6
"08.08.2022",95.5,38.3,117.4,306,169.9,0,74.4,0.5,1.8,1.2,2.1,9.7,10.5,2,84.6,315.4
"09.08.2022",95.6,38.5,120.5,306.5,168.8,0,83.5,0.5,3,1.2,2.1,13.5,14.7,0.5,120.8,318.7
"10.08.2022",95.3,38.7,120.6,307.9,164.5,0.1,77.5,0.5,2.7,1.3,2.1,13.8,14.9,3,124.2,321.9
"11.08.2022",95.2,42.3,120.3,284.8,151,0,99.3,0.5,4.5,1.2,2.1,13.5,14.6,3.8,129.7,329.6
"12.08.2022",95.3,45.7,121.7,256.4,146.3,0,102.5,0.5,4.7,1.2,2.1,13.3,14.4,14.8,149.4,311.8
"13.08.2022",95.2,42.1,121.7,242.4,132.4,0,75,0.5,4.6,1.3,2.1,13.1,14.2,19.2,115.8,270.4
"14.08.2022",95,39.7,120.9,249.2,114.6,0,58.4,0.5,3.5,1.3,2.1,12.7,13.8,58,137.9,285.7
"15.08.2022",94.9,40.1,120.7,279.9,141.6,0,155,0.5,3.4,1.3,2.1,13.1,14.2,29.1,119.7,219.7
"16.08.2022",94.8,44.5,120.5,285,156.7,0.1,243.5,0.5,3.8,1.3,2.1,13.6,14.7,12,55.8,278.8
"17.08.2022",94.9,43.8,120.4,272.4,161.4,0,281.4,0.5,3.7,1.3,2.1,9.5,10.3,28.3,69.6,226
"18.08.2022",94.9,43.6,121.3,287.1,167.6,0,267.6,0.5,1.3,1.3,2.1,8.2,8.9,31.2,92.2,178.6
"19.08.2022",95.1,44.9,122.4,287.6,162.6,0,234.6,0.5,3.4,1.3,2.1,7.5,8.1,10,87.6,127.1
"20.08.2022",95.6,53.5,122.2,293.4,151.4,0,83.4,0.5,4.3,1.3,2.1,8.4,9.1,27.9,73.4,147
"21.08.2022",95.7,51.3,123.6,270.5,135.7,0,106,0.5,1.9,1.3,2.1,7.7,8.3,37.3,62.6,265.2
"22.08.2022",95.6,46.1,123.3,313,198.4,0,209.2,0.5,1.7,1.3,2.1,11.8,12.8,11.6,68.2,244.9
"23.08.2022",95.5,45,122.6,307,195.5,0,189.4,0.5,1.7,1.3,2.1,12.4,13.4,13.9,116.2,275.9
"24.08.2022",95.1,43,121.8,294.9,204.4,0.1,196,0.5,2.5,1.3,2.1,13.4,14.5,12.8,116.4,271.4
"25.08.2022",94.7,41.7,121,288.5,208.5,0.1,185.2,0.5,2.3,1.3,2.1,13.1,14.2,69.5,133.1,261.2
"26.08.2022",94.9,44.2,121.7,292.6,203.4,0.1,214.6,0.5,3.1,1.3,2.1,13.4,14.5,51.5,103.1,188.9
"27.08.2022",95.3,46.3,121.8,302.7,150.7,0,136.3,0.5,2.7,1.3,2.1,13.2,14.3,64.8,142.3,119
"28.08.2022",95.5,45.8,122.7,271.4,122.2,0,68.4,0.5,2.1,1.3,2.1,12.7,13.7,105.3,182.1,210.1
"29.08.2022",95.6,41.8,122.2,288.8,197.7,0,170,0.5,2,1.3,2.1,12.9,14,41.5,93.4,242.4
"30.08.2022",95.4,40.3,122.5,287.6,227.2,0,185.2,0.5,2.5,1.3,2.1,12.3,13.4,41,125.4,247.2
"31.08.2022",95.8,43.1,122.5,294.7,212.7,0,194.3,0.5,2.5,1.3,2.1,12.2,13.2,44.5,161.5,169.6
"01.09.2022",95.9,41,122.3,302.9,205.6,0,176.5,0.5,2.6,1.4,2.2,11.6,12.6,30.2,162.4,229.6
"02.09.2022",96.2,36.2,122.9,297.8,192.9,0,112.7,0.5,2.6,1.3,2.2,11.8,12.8,78.1,259.7,277.9
"03.09.2022",96,34.8,122.5,265.2,102.2,0,55.9,0.5,2.1,1.3,2.2,10.2,11,109.2,292,218.4
"04.09.2022",95.7,36.5,122.5,283,110.2,0,65,0.5,3,1.2,2.2,10.4,11.2,89.5,169.7,253.1
"05.09.2022",95.3,36.5,121.8,305.8,201.9,0,86,0.5,3.9,1.3,2.2,11,11.9,95.8,243.1,258.2
"06.09.2022",95,38.9,121.4,315.9,191.3,0,106.7,0.5,4.3,1.4,2.2,11,11.9,98.3,249.4,211.7
"07.09.2022",95.2,40.2,121.9,309.5,215.6,0,156.3,0.5,3.3,1.3,2.2,11.2,12.2,33.2,112.8,207.7
"08.09.2022",95.6,43.5,122.7,331.5,203,0.1,109.8,0.5,2.2,1.2,2.2,11.1,12,57.6,214.2,118.4
"09.09.2022",96.1,46.1,123.3,324.1,192.1,0,87.1,0.5,2.9,1.1,2.2,10.5,11.4,19.4,203.1,175.5
"10.09.2022",28.1,13.5,35.6,87.2,47.6,0,19.3,0.1,0.6,0.3,0.7,3.1,3.4,3.7,45.2,7.9